SITEID,SAMPLEID,HgCOMP
2007190001,2007190001001,21.9551
2007190001,2007190001002,15.8921
2007190002,2007190002002,11.9989
2007190003,2007190003001,11.1196
2007190213,2007190213001,9.6405
2007190003,2007190003002,6.357
2007190213,2007190213002,6.6763
2007190004,2007190004001,21.3542
2007190004,2007190004002,11.32615
2007190005,2007190005001,17.121
2007190005,2007190005002,15.9243
2007190007,2007190007001,11.5754
2007190007,2007190007002,15.0267
2007190009,2007190009001,15.3136
2007190009,2007190009002,5.8989
2007190010,2007190010001,5.3183
2007190010,2007190010002,6.9236
2007190011,2007190011001,14.87485
2007190011,2007190011002,13.6224
2007190012,2007190012001,11.3496
2007190012,2007190012002,7.2814
2007190013,2007190013001,10.8813
2007190013,2007190013002,11.36
2007190014,2007190014001,25.915
2007190014,2007190014002,14.7095
2007190015,2007190015001,28.824
2007190015,2007190015002,23.8917
2007190016,2007190016001,3.4484
2007190016,2007190016002,2.3554
2007190017,2007190017001,13.50705
2007190017,2007190017002,7.9443
2007190018,2007190018001,16.96675
2007190018,2007190018002,23.0742
2007190019,2007190019001,33.9723
2007190019,2007190019002,21.6591
2007190021,2007190021001,14.6306
2007190021,2007190021002,2.8178
2007190022,2007190022001,10.6289
2007190022,2007190022002,8.1381
2007190023,2007190023001,7.88445
2007190023,2007190023002,3.9435
2007190024,2007190024001,2.5171
2007190024,2007190024002,5.2963
2007190025,2007190025001,11.7242
2007190025,2007190025002,8.1163
2007190028,2007190028001,40.3377
2007190028,2007190028002,30.4738
2007190029,2007190029001,24.0714
2007190029,2007190029002,23.0817
2007190031,2007190031001,7.4363
2007190031,2007190031002,6.0484
2007190032,2007190032001,183.0782
2007190032,2007190032002,36.025
2007190033,2007190033001,15.3827
2007190033,2007190033002,4.3804
2007190034,2007190034001,20.41965
2007190035,2007190035001,9.2107
2007190876,2007190876001,12.4311
2007190035,2007190035002,9.3952
2007190876,2007190876002,11.7573
2007190036,2007190036001,11.7892
2007190036,2007190036002,9.8255
2007190038,2007190038001,16.459
2007190038,2007190038002,14.2017
2007190039,2007190039001,11.74035
2007190984,2007190984001,12.1789
2007190039,2007190039002,12.556
2007190984,2007190984002,11.3567
2007190041,2007190041001,15.2878
2007190041,2007190041002,8.1869
2007190042,2007190042001,57.3623
2007190042,2007190042002,32.8709
2007190043,2007190043001,33.4885
2007190043,2007190043002,45.2055
2007190044,2007190044001,4.9591
2007190044,2007190044002,6.3247
2007190048,2007190048001,31.3126
2007190048,2007190048002,24.8805
2007190050,2007190050001,11.946
2007191481,2007191481001,19.3704
2007190050,2007190050002,10.823
2007191481,2007191481002,17.8277
2007190051,2007190051001,15.4992
2007190051,2007190051002,10.638
2007190052,2007190052001,27.3373
2007190052,2007190052002,9.8827
2007190053,2007190053001,22.8831
2007190053,2007190053002,22.0198
2007190054,2007190054001,21.5224
2007190054,2007190054002,24.0259
2007190055,2007190055001,16.7832
2007190055,2007190055002,8.97605
2007190056,2007190056001,37.2617
2007190056,2007190056002,24.3286
2007190057,2007190057001,7.5855
2007190057,2007190057002,5.0952
2007190058,2007190058001,10.0719
2007190058,2007190058002,2.209
2007190059,2007190059001,22.6587
2007190059,2007190059002,30.562
2007190062,2007190062001,17.0883
2007190062,2007190062002,17.6265
2007190063,2007190063001,32.9866
2007190063,2007190063002,28.262
2007190064,2007190064001,18.5269
2007190064,2007190064002,9.7386
2007190065,2007190065001,14.1095
2007190065,2007190065002,11.124
2007190066,2007190066001,16.9532
2007190066,2007190066002,14.98435
2007190067,2007190067001,13.8192
2007191121,2007191121001,13.0504
2007190067,2007190067002,18.45365
2007191121,2007191121002,15.9587
2007190068,2007190068001,16.0355
2007190068,2007190068002,26.6547
2007190069,2007190069001,16.2003
2007190069,2007190069002,19.6463
2007190070,2007190070001,2.4457
2007190070,2007190070002,1.312
2007190071,2007190071001,8.1011
2007190289,2007190289001,13.4506
2007190071,2007190071002,15.0838
2007190072,2007190072001,6.6702
2007190072,2007190072002,5.7032
2007190073,2007190073001,18.784
2007190073,2007190073002,13.73203333
2007190074,2007190074001,14.2173
2007190389,2007190389001,15.4865
2007190074,2007190074002,11.6886
2007190389,2007190389002,11.0298
2007190075,2007190075001,9.8538
2007190075,2007190075002,11.0808
2007190076,2007190076001,20.9538
2007190076,2007190076002,5.4472
2007190077,2007190077001,11.37655
2007190077,2007190077002,8.35135
2007190078,2007190078001,12.4941
2007190078,2007190078002,10.4565
2007190079,2007190079001,10.98275
2007190079,2007190079002,8.5308
2007190081,2007190081001,17.1301
2007190081,2007190081002,16.3574
2007190082,2007190082001,16.76505
2007190082,2007190082002,10.3245
2007190083,2007190083001,12.8592
2007190083,2007190083002,7.7278
2007190084,2007190084001,4.3445
2007190084,2007190084002,5.73445
2007190086,2007190086001,35.4786
2007190086,2007190086002,30.0816
2007190087,2007190087001,20.2787
2007190087,2007190087002,13.9415
2007190089,2007190089001,19.4235
2007190089,2007190089002,14.185
2007190090,2007190090001,33.9937
2007190090,2007190090002,12.2626
2007190091,2007190091001,13.5464
2007190091,2007190091002,12.7822
2007190092,2007190092001,24.7943
2007190092,2007190092002,19.3765
2007190093,2007190093001,24.9014
2007190093,2007190093002,17.2624
2007190094,2007190094001,5.6205
2007190094,2007190094002,8.5398
2007190095,2007190095001,39.3819
2007190095,2007190095002,47.5373
2007190096,2007190096001,9.3921
2007190096,2007190096002,6.2811
2007190097,2007190097002,57.4424
2007190098,2007190098001,4.454
2007190098,2007190098002,2.8185
2007190099,2007190099001,32.9893
2007190099,2007190099002,22.3894
2007190101,2007190101001,84.7035
2007190103,2007190103002,16.3226
2007190104,2007190104001,53.2282
2007190104,2007190104002,41.0113
2007190105,2007190105001,40.9379
2007190105,2007190105002,7.2625
2007190106,2007190106001,21.6133
2007190106,2007190106002,40.9717
2007190107,2007190107001,19.2701
2007190913,2007190913001,36.12165
2007190107,2007190107002,16.3185
2007190913,2007190913002,47.0455
2007190108,2007190108001,7.8474
2007190108,2007190108002,9.28765
2007190110,2007190110001,33.6502
2007191182,2007191182001,18.3416
2007190110,2007190110002,29.1153
2007191182,2007191182002,18.6299
2007190111,2007190111001,18.2664
2007190111,2007190111002,7.754
2007190112,2007190112002,40.3672
2007190113,2007190113001,12.2271
2007190113,2007190113002,21.2678
2007190114,2007190114001,23.8779
2007190114,2007190114002,18.0019
2007190115,2007190115001,46.9678
2007190115,2007190115002,26.3575
2007190116,2007190116002,22.3236
2007190117,2007190117001,7.5184
2007190117,2007190117002,7.6828
2007190118,2007190118001,17.1556
2007191552,2007191552001,15.9622
2007190118,2007190118002,11.7425
2007191552,2007191552002,15.4944
2007190119,2007190119001,10.5935
2007190119,2007190119002,6.4
2007190121,2007190121001,26.763
2007191545,2007191545001,37.6142
2007190121,2007190121002,45.6202
2007191545,2007191545002,32.2466
2007190122,2007190122001,31.1902
2007190122,2007190122002,28.2049
2007190123,2007190123002,21.2387
2007190124,2007190124001,74.1596
2007190124,2007190124002,35.80605
2007190125,2007190125001,11.4948
2007191532,2007191532001,10.1748
2007190125,2007190125002,5.7819
2007191532,2007191532002,9.0712
2007190126,2007190126001,35.85695
2007190126,2007190126002,24.9382
2007190127,2007190127001,15.7246
2007190127,2007190127002,9.8204
2007190128,2007190128001,23.6387
2007190128,2007190128002,23.6856
2007190129,2007190129001,28.899
2007190129,2007190129002,13.6355
2007190130,2007190130001,14.0484
2007190130,2007190130002,3.8032
2007190131,2007190131001,29.0268
2007190131,2007190131002,33.7677
2007190132,2007190132001,8.1143
2007190132,2007190132002,6.6337
2007190134,2007190134001,19.9805
2007190134,2007190134002,27.6755
2007190135,2007190135001,27.7959
2007190135,2007190135002,15.7581
2007190136,2007190136001,38.7602
2007190136,2007190136002,45.1088
2007190137,2007190137001,22.1618
2007190137,2007190137002,26.1288
2007190138,2007190138001,10.4562
2007190138,2007190138002,5.801
2007190139,2007190139001,6.4192
2007190139,2007190139002,3.6582
2007190141,2007190141001,27.7337
2007190141,2007190141002,30.2814
2007190142,2007190142001,23.97715
2007190142,2007190142002,30.3508
2007190144,2007190144001,259.0047
2007190144,2007190144002,85.5815
2007190145,2007190145001,29.2216
2007191105,2007191105001,37.581
2007190145,2007190145002,20.5964
2007191105,2007191105002,29.3268
2007190146,2007190146001,6.8137
2007190146,2007190146002,5.72455
2007190147,2007190147001,19.3125
2007190147,2007190147002,7.9216
2007190148,2007190148001,7.2774
2007190148,2007190148002,5.2626
2007190149,2007190149001,10.56075
2007190149,2007190149002,8.9345
2007190150,2007190150001,10.4248
2007190150,2007190150002,7.3421
2007190151,2007190151001,27.6124
2007190151,2007190151002,8.0986
2007190152,2007190152001,40.5352
2007190152,2007190152002,19.3878
2007190153,2007190153001,14.2323
2007190153,2007190153002,12.3154
2007190154,2007190154001,91.0501
2007190568,2007190568001,56.6754
2007190154,2007190154002,105.4174
2007190568,2007190568002,33.8881
2007190155,2007190155001,18.3547
2007190155,2007190155002,8.8764
2007190156,2007190156001,11.7304
2007190156,2007190156002,12.3662
2007190158,2007190158001,8.31215
2007190158,2007190158002,5.7834
2007190159,2007190159001,27.8187
2007190159,2007190159002,41.6731
2007190161,2007190161001,8.2292
2007191413,2007191413001,6.7472
2007190161,2007190161002,5.8175
2007191413,2007191413002,5.47465
2007190162,2007190162001,15.1414
2007190162,2007190162002,4.6712
2007190163,2007190163001,41.3732
2007190164,2007190164001,52.1746
2007190165,2007190165001,7.1632
2007190165,2007190165002,11.27575
2007190166,2007190166001,2.6297
2007190166,2007190166002,0.9508
2007190167,2007190167001,21.5964
2007190167,2007190167002,12.11335
2007190168,2007190168001,11.8152
2007190168,2007190168002,7.4411
2007190169,2007190169001,20.9205
2007190169,2007190169002,10.707
2007190170,2007190170001,18.6005
2007190170,2007190170002,5.2139
2007190172,2007190172001,23.76065
2007190172,2007190172002,4.4138
2007190174,2007190174002,18.6261
2007191566,2007191566001,29.4143
2007191566,2007191566002,40.8448
2007190177,2007190177001,19.6123
2007190177,2007190177002,11.1449
2007190178,2007190178001,10.0293
2007190178,2007190178002,6.49865
2007190179,2007190179001,3.9527
2007190179,2007190179002,9.8922
2007190181,2007190181001,24.0203
2007191396,2007191396001,19.474
2007190181,2007190181002,7.6598
2007191396,2007191396002,9.2985
2007190182,2007190182001,34.031
2007190182,2007190182002,11.3903
2007190183,2007190183001,4.18255
2007190471,2007190471001,5.2833
2007190183,2007190183002,4.5869
2007190471,2007190471002,1.4808
2007190184,2007190184001,10.59775
2007190184,2007190184002,3.4623
2007190185,2007190185001,13.9854
2007191253,2007191253001,10.6613
2007190185,2007190185002,10.3518
2007191253,2007191253002,8.7815
2007190187,2007190187001,39.9525
2007190187,2007190187002,28.7549
2007190188,2007190188001,6.9649
2007190188,2007190188002,8.7324
2007190189,2007190189001,9.4286
2007191542,2007191542001,21.3108
2007190189,2007190189002,12.5266
2007191542,2007191542002,17.192
2007190190,2007190190001,5.8884
2007190190,2007190190002,6.8032
2007190192,2007190192001,25.2067
2007190192,2007190192002,19.3005
2007190193,2007190193001,75.061
2007190788,2007190788001,80.4847
2007190193,2007190193002,10.28215
2007190788,2007190788002,19.546
2007190194,2007190194001,24.3732
2007190704,2007190704001,26.7356
2007190194,2007190194002,15.9085
2007190704,2007190704002,11.2575
2007190195,2007190195002,30.7561
2007190196,2007190196002,5.8816
2007190197,2007190197001,10.4688
2007190962,2007190962001,14.427
2007190197,2007190197002,12.2019
2007190962,2007190962002,16.8626
2007190198,2007190198001,8.2135
2007190198,2007190198002,5.6405
2007190202,2007190202001,17.2445
2007190202,2007190202002,15.1982
2007190203,2007190203001,12.9539
2007190203,2007190203002,21.5786
2007190204,2007190204001,13.3541
2007190204,2007190204002,10.9225
2007190205,2007190205001,12.8247
2007190205,2007190205002,10.9441
2007190206,2007190206001,15.7734
2007190206,2007190206002,8.0709
2007190207,2007190207001,17.1873
2007190207,2007190207002,10.4039
2007190208,2007190208001,8.4173
2007191593,2007191593001,12.444
2007190208,2007190208002,9.96085
2007191593,2007191593002,10.4761
2007190209,2007190209001,10.7859
2007191254,2007191254001,10.8062
2007190209,2007190209002,7.4717
2007191254,2007191254002,9.1318
2007190211,2007190211001,4.8808
2007190211,2007190211002,4.1611
2007190212,2007190212001,23.751
2007190747,2007190747001,41.8443
2007190212,2007190212002,18.8486
2007190214,2007190214001,11.5408
2007190214,2007190214002,12.8856
2007190215,2007190215001,8.67125
2007190215,2007190215002,5.3507
2007190216,2007190216001,13.7047
2007190216,2007190216002,6.7675
2007190217,2007190217001,14.8519
2007190217,2007190217002,22.0904
2007190218,2007190218001,10.6797
2007191348,2007191348001,12.8177
2007190218,2007190218002,23.4215
2007191348,2007191348002,20.8665
2007190219,2007190219001,10.0394
2007190219,2007190219002,15.8655
2007190221,2007190221001,34.58305
2007190221,2007190221002,20.2045
2007190222,2007190222001,10.0383
2007190222,2007190222002,6.3041
2007190223,2007190223001,8.3878
2007190223,2007190223002,2.7194
2007190224,2007190224001,25.9361
2007190224,2007190224002,68.21225
2007190225,2007190225001,11.4596
2007190225,2007190225002,9.5829
2007190226,2007190226001,8.1458
2007190226,2007190226002,6.9921
2007190227,2007190227001,10.9475
2007190227,2007190227002,15.4496
2007190228,2007190228001,23.808
2007190228,2007190228002,34.5371
2007190229,2007190229001,5.2303
2007190229,2007190229002,1.2755
2007190230,2007190230001,32.6239
2007190230,2007190230002,29.7649
2007190231,2007190231001,4.4537
2007190231,2007190231002,7.81505
2007190232,2007190232001,30.6498
2007190232,2007190232002,36.6713
2007190233,2007190233001,12.3871
2007190233,2007190233002,7.31205
2007190234,2007190234001,11.6265
2007190234,2007190234002,9.3828
2007190235,2007190235001,16.8025
2007190235,2007190235002,15.7004
2007190237,2007190237001,16.4583
2007190237,2007190237002,27.8017
2007190238,2007190238001,7.0558
2007190238,2007190238002,8.0389
2007190239,2007190239001,21.3391
2007190241,2007190241001,17.4548
2007190978,2007190978001,18.2039
2007190241,2007190241002,14.0176
2007190978,2007190978002,21.6319
2007190242,2007190242001,2.7325
2007190242,2007190242002,7.47
2007190243,2007190243001,10.2264
2007190243,2007190243002,12.50635
2007190244,2007190244001,21.5503
2007190244,2007190244002,18.7176
2007190245,2007190245001,24.5486
2007190245,2007190245002,22.5049
2007190246,2007190246001,9.619
2007190246,2007190246002,6.3698
2007190248,2007190248001,5.32555
2007191198,2007191198002,11.7979
2007190249,2007190249001,13.1481
2007190249,2007190249002,33.8597
2007190251,2007190251002,2.236
2007190252,2007190252001,26.4726
2007190252,2007190252002,10.8943
2007190253,2007190253001,11.6699
2007190253,2007190253002,15.0223
2007190256,2007190256001,6.201
2007190875,2007190875001,11.5792
2007190256,2007190256002,5.099
2007190875,2007190875002,6.0051
2007190257,2007190257001,20.2009
2007190257,2007190257002,17.3862
2007190258,2007190258001,30.0728
2007191176,2007191176001,26.988
2007190258,2007190258002,31.78985
2007191176,2007191176002,34.9126
2007190259,2007190259001,12.3115
2007190259,2007190259002,26.8132
2007190261,2007190261001,12.0656
2007190261,2007190261002,11.5525
2007190263,2007190263001,8.49185
2007190263,2007190263002,5.0609
2007190264,2007190264001,9.9223
2007190264,2007190264002,9.475205618
2007190265,2007190265001,11.0835
2007190265,2007190265002,7.9788
2007190266,2007190266001,6.6157
2007191458,2007191458001,9.2682
2007191458,2007191458002,11.9474
2007190267,2007190267001,26.6498
2007190267,2007190267002,14.3759
2007190268,2007190268001,17.01155
2007190269,2007190269001,28.9029
2007190269,2007190269002,21.8112
2007190271,2007190271001,12.0349
2007190271,2007190271002,5.0186
2007190272,2007190272001,14.45165
2007190272,2007190272002,3.5613
2007190273,2007190273001,11.3312
2007190275,2007190275002,15.3052
2007190276,2007190276001,15.4145
2007190276,2007190276002,6.99345
2007190278,2007190278001,18.475
2007190278,2007190278002,13.8337
2007190279,2007190279001,16.1899
2007190279,2007190279002,16.9852
2007190281,2007190281001,11.76445
2007190282,2007190282001,18.9878
2007190282,2007190282002,17.9292
2007190283,2007190283001,30.4854
2007190283,2007190283002,38.228
2007190406,2007190406001,16.15955
2007190406,2007190406002,17.9274
2007190286,2007190286001,288.8277
2007190286,2007190286002,71.7139
2007190287,2007190287001,8.5721
2007190287,2007190287002,8.0107
2007190288,2007190288001,12.7224
2007190288,2007190288002,7.679
2007190290,2007190290001,10.3077
2007190290,2007190290002,5.5816
2007190291,2007190291001,5.7399
2007190291,2007190291002,5.3874
2007190292,2007190292002,44.91
2007190294,2007190294001,16.0335
2007190294,2007190294002,7.2106
2007190296,2007190296001,14.1746
2007190758,2007190758001,16.9283
2007190758,2007190758002,12.7009
2007190298,2007190298001,9.12
2007190301,2007190301001,9.4737
2007190301,2007190301002,6.9431
2007190302,2007190302001,10.34
2007190302,2007190302002,11.6545
2007190303,2007190303001,21.3172
2007190303,2007190303002,15.22755
2007190304,2007190304001,18.3501
2007190305,2007190305001,20.5457
2007190305,2007190305002,16.7338
2007190307,2007190307001,20.6038
2007190307,2007190307002,14.4886
2007190308,2007190308001,26.392
2007190308,2007190308002,19.4545
2007190309,2007190309001,12.9217
2007190309,2007190309002,10.9715
2007190310,2007190310001,8.7157
2007190310,2007190310002,9.3365
2007190311,2007190311001,22.66755
2007191259,2007191259001,35.21
2007191259,2007191259002,58.1589
2007190312,2007190312001,15.3704
2007190313,2007190313001,14.4132
2007190315,2007190315001,11.0295
2007190315,2007190315002,12.291
2007190316,2007190316001,18.1171
2007190317,2007190317001,6.3463
2007190317,2007190317002,4.816
2007190318,2007190318001,14.2891
2007190318,2007190318002,13.6599
2007190319,2007190319001,26.6875
2007190319,2007190319002,28.1946
2007190322,2007190322001,10.4141
2007190322,2007190322002,9.3253
2007190323,2007190323001,22.8256
2007190323,2007190323002,17.9997
2007190324,2007190324001,37.9091
2007190324,2007190324002,39.0399
2007190326,2007190326001,10.2576
2007190326,2007190326002,5.6981
2007190327,2007190327001,16.2782
2007190327,2007190327002,12.7979
2007190328,2007190328001,11.6253
2007191598,2007191598001,12.3612
2007190328,2007190328002,10.8948
2007191598,2007191598002,16.7722
2007190331,2007190331001,13.9639
2007190331,2007190331002,13.2556
2007190332,2007190332001,13.4195
2007190332,2007190332002,13.8571
2007190333,2007190333001,14.1749
2007190333,2007190333002,11.79765
2007190334,2007190334001,12.9325
2007190334,2007190334002,7.8653
2007190335,2007190335001,27.2667
2007190692,2007190692001,36.6949
2007190335,2007190335002,27.501
2007190692,2007190692002,51.6166
2007190336,2007190336001,30.3848
2007190336,2007190336002,39.5576
2007190337,2007190337002,3.7404
2007190338,2007190338002,5.0399
2007190339,2007190339001,9.35385
2007190339,2007190339002,11.6589
2007190342,2007190342001,34.6762
2007190989,2007190989001,55.8852
2007190342,2007190342002,14.8893
2007190989,2007190989002,6.7415
2007190343,2007190343001,26.7956
2007190343,2007190343002,14.8764
2007190344,2007190344001,7.5197
2007190344,2007190344002,6.7005
2007190345,2007190345001,9.4236
2007190345,2007190345002,14.5331
2007190346,2007190346001,16.5433
2007190347,2007190347001,8.237
2007190347,2007190347002,6.8944
2007190348,2007190348001,8.3984
2007190348,2007190348002,8.8244
2007190349,2007190349001,20.5702
2007191436,2007191436001,22.3948
2007190349,2007190349002,23.3142
2007191436,2007191436002,23.8824
2007190350,2007190350001,24.79
2007190352,2007190352001,99.3326
2007190352,2007190352002,57.32
2007190354,2007190354001,4.5182
2007190354,2007190354002,5.4546
2007190355,2007190355001,10.6477
2007191257,2007191257001,12.9229
2007190355,2007190355002,8.8142
2007191257,2007191257002,9.9976
2007190357,2007190357001,4.6843
2007190856,2007190856001,5.478
2007190357,2007190357002,6.23805
2007190856,2007190856002,4.2966
2007190358,2007190358001,32.4527
2007190358,2007190358002,26.4884
2007190359,2007190359001,10.6419
2007190359,2007190359002,8.4301
2007190361,2007190361001,23.4593
2007191094,2007191094001,32.499
2007190361,2007190361002,13.268
2007191094,2007191094002,16.2699
2007190363,2007190363001,10.4132
2007190363,2007190363002,4.4038
2007190364,2007190364001,18.4303
2007190364,2007190364002,9.0914
2007190366,2007190366001,99.37455
2007190366,2007190366002,102.29905
2007190367,2007190367001,10.2801
2007190367,2007190367002,8.7507
2007190368,2007190368001,22.6916
2007190368,2007190368002,136.46475
2007190369,2007190369001,15.8301
2007190369,2007190369002,14.8583
2007190370,2007190370001,10.6308
2007190370,2007190370002,8.1636
2007190372,2007190372001,12.8511
2007190372,2007190372002,6.8862
2007190373,2007190373001,7.3419
2007190373,2007190373002,11.0736
2007190374,2007190374001,11.0106
2007190374,2007190374002,4.30125
2007190375,2007190375001,16.7983
2007190375,2007190375002,20.0353
2007190377,2007190377001,5.5872
2007190377,2007190377002,5.7209
2007190378,2007190378001,11.39785
2007190378,2007190378002,18.6956
2007190379,2007190379001,26.1286
2007190379,2007190379002,21.388
2007190381,2007190381001,63.3456
2007190381,2007190381002,57.37585
2007190382,2007190382001,3.1708
2007190382,2007190382002,4.17
2007190383,2007190383001,13.2075
2007191416,2007191416001,18.66786667
2007190383,2007190383002,13.7049
2007191416,2007191416002,31.5651
2007190384,2007190384001,16.1494
2007190384,2007190384002,22.623
2007190385,2007190385001,10.0383
2007190385,2007190385002,10.2467
2007190386,2007190386001,28.00455
2007190386,2007190386002,13.4804
2007190390,2007190390001,13.4176
2007190390,2007190390002,14.7997
2007190391,2007190391001,4.321
2007190391,2007190391002,3.9879
2007190392,2007190392001,11.0671
2007190392,2007190392002,9.844
2007190393,2007190393001,33.1509
2007190393,2007190393002,9.9972
2007190394,2007190394001,26.5738
2007190394,2007190394002,27.8813
2007190395,2007190395001,33.0809
2007190395,2007190395002,44.4285
2007190396,2007190396001,14.734
2007190396,2007190396002,8.9486
2007190398,2007190398001,21.0934
2007190398,2007190398002,12.3916
2007190399,2007190399001,10.79475
2007190399,2007190399002,9.02
2007190401,2007190401001,18.7869
2007190401,2007190401002,14.0599
2007190402,2007190402001,14.1083
2007190402,2007190402002,13.737
2007190403,2007190403001,25.1738
2007190403,2007190403002,9.6672
2007190404,2007190404001,9.9829
2007190407,2007190407001,4.902
2007190407,2007190407002,3.4637
2007190408,2007190408001,26.2013
2007190408,2007190408002,15.34435
2007190410,2007190410001,58.8071
2007190410,2007190410002,31.2599
2007190411,2007190411001,12.5851
2007190411,2007190411002,15.8995
2007190412,2007190412001,34.67515
2007190412,2007190412002,18.7872
2007190413,2007190413001,10.3347
2007190413,2007190413002,6.1627
2007190414,2007190414001,14.2314
2007191386,2007191386001,21.5401
2007190414,2007190414002,12.33515
2007191386,2007191386002,13.9961
2007190418,2007190418001,6.3908
2007190418,2007190418002,4.1361
2007190419,2007190419001,10.9156
2007190974,2007190974001,21.6061
2007190419,2007190419002,7.8715
2007190974,2007190974002,10.1801
2007190421,2007190421001,31.0578
2007190421,2007190421002,11.2711
2007190422,2007190422001,12.3967
2007190422,2007190422002,14.5848
2007190423,2007190423001,10.4991
2007190423,2007190423002,5.5348
2007190424,2007190424001,10.3436
2007190424,2007190424002,6.5373
2007190425,2007190425001,25.6138
2007190768,2007190768001,22.35
2007190425,2007190425002,4.81335
2007190768,2007190768002,11.2177
2007190426,2007190426001,12.4689
2007190426,2007190426002,11.2785
2007190427,2007190427001,37.4979
2007190428,2007190428001,22.9669
2007190428,2007190428002,10.85065
2007190429,2007190429001,49.5939
2007190429,2007190429002,51.9643
2007190430,2007190430001,11.091
2007190430,2007190430002,11.1651
2007190431,2007190431001,10.72105
2007190431,2007190431002,4.9366
2007190432,2007190432001,34.7152
2007190432,2007190432002,26.4061
2007190433,2007190433001,24.7782
2007190433,2007190433002,17.35135
2007190434,2007190434001,52.139
2007190434,2007190434002,38.8055
2007190435,2007190435001,24.5422
2007190435,2007190435002,19.1048
2007190436,2007190436001,10.71375
2007190436,2007190436002,25.4699
2007190437,2007190437001,7.7958
2007190437,2007190437002,16.0647
2007190438,2007190438001,29.4939
2007190438,2007190438002,16.9916
2007190439,2007190439001,20.7236
2007190439,2007190439002,7.13955
2007190441,2007190441001,10.6704
2007190441,2007190441002,7.0363
2007190442,2007190442001,10.4107
2007190442,2007190442002,4.0449
2007190444,2007190444001,20.62225
2007190444,2007190444002,20.7798
2007190445,2007190445001,11.87
2007190445,2007190445002,9.6813
2007190446,2007190446001,28.1117
2007190446,2007190446002,13.4156
2007190447,2007190447001,8.2868
2007190447,2007190447002,10.0242
2007190448,2007190448001,7.435
2007190448,2007190448002,5.66945
2007190450,2007190450001,44.9907
2007190450,2007190450002,25.1159
2007190451,2007190451001,6.8992
2007190451,2007190451002,8.1373
2007190452,2007190452001,23.309
2007190452,2007190452002,24.1805
2007190453,2007190453001,18.7997
2007190453,2007190453002,12.5635
2007190454,2007190454001,25.8826
2007190454,2007190454002,26.1424
2007190455,2007190455001,8.7746
2007190455,2007190455002,9.1196
2007190456,2007190456001,24.65405
2007190456,2007190456002,13.982
2007190457,2007190457001,17.3607
2007191004,2007191004001,15.8223
2007190457,2007190457002,4.6705
2007191004,2007191004002,3.8645
2007190458,2007190458001,12.9661
2007190774,2007190774001,9.992
2007190458,2007190458002,9.4899
2007190774,2007190774002,6.6932
2007190459,2007190459001,13.028
2007190459,2007190459002,38.0485
2007190461,2007190461001,25.2588
2007190461,2007190461002,15.3687
2007190462,2007190462001,36.0715
2007190462,2007190462002,15.2312
2007190463,2007190463001,12.4264
2007190463,2007190463002,12.5929
2007190465,2007190465001,39.18075
2007190465,2007190465002,27.6801
2007190466,2007190466001,18.4026
2007190466,2007190466002,4.3012
2007190468,2007190468001,4.867
2007190469,2007190469001,45.5552
2007190469,2007190469002,46.123
2007190472,2007190472001,12.2392
2007191312,2007191312001,10.3669
2007190472,2007190472002,10.2
2007191312,2007191312002,9.0681
2007190473,2007190473001,25.3372
2007190473,2007190473002,21.143
2007190474,2007190474001,34.7156
2007190474,2007190474002,34.82235
2007190475,2007190475001,20.2388
2007190475,2007190475002,4.6298
2007190476,2007190476001,8.3268
2007190476,2007190476002,2.81305
2007190477,2007190477001,75.7872
2007190477,2007190477002,16.6641
2007190478,2007190478001,10.7478
2007190478,2007190478002,6.9269
2007190479,2007190479001,9.6032
2007190479,2007190479002,9.05985
2007190481,2007190481001,2.0429
2007191594,2007191594001,4.9976
2007190481,2007190481002,1.9889
2007191594,2007191594002,5.2587
2007190483,2007190483001,8.4802
2007190483,2007190483002,6.1116
2007190484,2007190484001,42.0198
2007190484,2007190484002,12.0088
2007190485,2007190485002,69.2652
2007190486,2007190486001,14.0415
2007190486,2007190486002,15.9159
2007190487,2007190487001,8.8512
2007190487,2007190487002,8.5446
2007190488,2007190488001,59.1827
2007190488,2007190488002,18.2817
2007190490,2007190490001,41.7013
2007190490,2007190490002,14.3047
2007190491,2007190491001,27.7846
2007190491,2007190491002,21.111
2007190492,2007190492001,27.08305
2007190492,2007190492002,26.0056
2007190493,2007190493001,25.6883
2007190493,2007190493002,15.4078
2007190494,2007190494001,15.67625
2007190494,2007190494002,11.5726
2007190495,2007190495001,39.7623
2007191318,2007191318001,43.31905
2007190495,2007190495002,52.9089
2007191318,2007191318002,51.8357
2007190496,2007190496001,14.274
2007190496,2007190496002,24.1278
2007190497,2007190497001,25.9463
2007190586,2007190586001,27.3645
2007190497,2007190497002,41.2826
2007190586,2007190586002,34.4984
2007190498,2007190498001,12.3772
2007190498,2007190498002,8.577
2007190499,2007190499001,47.2732
2007190499,2007190499002,25.6272
2007190501,2007190501001,38.5417
2007190501,2007190501002,69.8004
2007190502,2007190502001,7.4164
2007190502,2007190502002,8.0604
2007190503,2007190503001,11.7676
2007190503,2007190503002,9.5615
2007190505,2007190505001,1.8758
2007190505,2007190505002,2.67995
2007190506,2007190506001,7.5767
2007190506,2007190506002,10.7525
2007190631,2007190631002,6.2906
2007190507,2007190507001,17.2375
2007190507,2007190507002,14.6383
2007190508,2007190508001,19.21765
2007191119,2007191119001,16.769
2007190508,2007190508002,9.9139
2007191119,2007191119002,525.2754
2007190509,2007190509001,2.3636
2007190509,2007190509002,6.0606
2007190510,2007190510001,3.49435
2007190510,2007190510002,1.4489
2007190511,2007190511001,15.8206
2007190511,2007190511002,10.8836
2007190512,2007190512001,21.641
2007190512,2007190512002,13.0295
2007190513,2007190513001,19.6784
2007190513,2007190513002,14.3049
2007190514,2007190514001,8.8249
2007190514,2007190514002,29.7618
2007190515,2007190515001,30.21585
2007190515,2007190515002,34.7488
2007190517,2007190517001,13.3992
2007190517,2007190517002,25.2748
2007190518,2007190518001,4.2687
2007190518,2007190518002,4.291
2007190519,2007190519001,32.4432
2007190519,2007190519002,29.2054
2007190522,2007190522001,6.4518
2007190522,2007190522002,5.9955
2007190523,2007190523001,9.2426
2007190523,2007190523002,8.0284
2007190525,2007190525001,11.1814
2007190525,2007190525002,15.7719
2007190526,2007190526001,26.8393
2007191599,2007191599001,28.7155
2007190526,2007190526002,16.8432
2007191599,2007191599002,14.5243
2007190527,2007190527001,20.0265
2007190609,2007190609001,13.7761
2007190527,2007190527002,9.0694
2007190528,2007190528001,10.88745
2007190529,2007190529001,34.435
2007190529,2007190529002,30.8767
2007190531,2007190531001,7.376
2007190703,2007190703001,6.2849
2007190703,2007190703002,7.4255
2007190532,2007190532001,5.2762
2007190532,2007190532002,8.09005
2007190533,2007190533001,42.0274
2007190533,2007190533002,22.2304
2007190534,2007190534001,20.8754
2007191522,2007191522001,32.1168
2007190534,2007190534002,26.8751
2007191522,2007191522002,23.0106
2007190535,2007190535002,1.9629
2007190536,2007190536001,12.3601
2007190909,2007190909001,12.4744
2007190909,2007190909002,13.2326
2007190537,2007190537001,15.4362
2007190537,2007190537002,15.7629
2007190538,2007190538001,30.1353
2007190538,2007190538002,23.2862
2007190539,2007190539001,48.8942
2007190539,2007190539002,21.5559
2007190541,2007190541001,19.457
2007190541,2007190541002,10.4906
2007190542,2007190542001,12.27
2007190542,2007190542002,8.4789
2007190543,2007190543001,20.3293
2007190543,2007190543002,19.9338
2007190544,2007190544001,12.5904
2007190544,2007190544002,11.5883
2007190545,2007190545001,57.3218
2007190545,2007190545002,34.2027
2007190546,2007190546001,35.0863
2007190546,2007190546002,47.5962
2007190547,2007190547001,17.2669
2007190547,2007190547002,3.7218
2007190548,2007190548001,14.0046
2007191236,2007191236001,14.7077
2007190548,2007190548002,16.3442
2007191236,2007191236002,16.82745
2007190549,2007190549001,10.8301
2007191507,2007191507001,13.3852
2007190549,2007190549002,13.3368
2007191507,2007191507002,10.9955
2007190550,2007190550001,28.8989
2007190550,2007190550002,57.47965
2007190551,2007190551001,91.3161
2007190552,2007190552001,45.9241
2007190552,2007190552002,47.7796
2007190675,2007190675002,54.8959
2007190553,2007190553001,45.5846
2007190553,2007190553002,25.5674
2007190554,2007190554001,24.3916
2007190752,2007190752001,19.8857
2007190554,2007190554002,14.592
2007190752,2007190752002,13.69885
2007190555,2007190555001,28.608
2007190555,2007190555002,23.29335
2007190556,2007190556001,154.1946
2007190556,2007190556002,76.7765
2007190557,2007190557001,9.1648
2007190557,2007190557002,131.2223
2007190558,2007190558001,8.1296
2007190558,2007190558002,13.8752
2007190559,2007190559001,2.0879
2007190559,2007190559002,4.1477
2007190561,2007190561001,26.1959
2007190561,2007190561002,15.9965
2007190562,2007190562001,12.03835
2007190562,2007190562002,8.1214
2007190563,2007190563001,12.8008
2007190563,2007190563002,3.6602
2007190564,2007190564001,5.4797
2007190564,2007190564002,6.03545
2007190565,2007190565001,12.2745
2007190565,2007190565002,6.8505
2007190566,2007190566001,11.3847
2007190566,2007190566002,12.1971
2007190567,2007190567001,14.95595
2007190567,2007190567002,8.3295
2007190569,2007190569001,11.8868
2007190569,2007190569002,13.1377
2007190570,2007190570001,19.8826
2007190570,2007190570002,23.8629
2007190571,2007190571001,18.7387
2007190571,2007190571002,12.6338
2007190572,2007190572001,33.0454
2007190572,2007190572002,35.786
2007190574,2007190574001,7.1879
2007190574,2007190574002,5.6959
2007190575,2007190575001,13.56805
2007190575,2007190575002,17.4565
2007190576,2007190576001,19.9189
2007190576,2007190576002,11.8688
2007190577,2007190577001,30.36225
2007190577,2007190577002,20.1609
2007190578,2007190578001,31.2751
2007190578,2007190578002,19.2804
2007190579,2007190579001,21.1792
2007190581,2007190581001,24.3963
2007190581,2007190581002,24.9025
2007190583,2007190583001,9.8962
2007190583,2007190583002,20.1355
2007190584,2007190584001,556.00065
2007190585,2007190585002,9.4703
2007190588,2007190588001,14.8916
2007190588,2007190588002,9.3641
2007190589,2007190589001,48.034
2007190589,2007190589002,30.4677
2007190591,2007190591001,10.974
2007190591,2007190591002,9.0092
2007190592,2007190592001,6.5078
2007190592,2007190592002,5.1274
2007190593,2007190593001,19.8415
2007190593,2007190593002,13.8015
2007190596,2007190596001,32.77535
2007190596,2007190596002,17.0752
2007190597,2007190597001,42.4048
2007190597,2007190597002,16.2451
2007190598,2007190598001,86.8346
2007190598,2007190598002,37.1595
2007190599,2007190599001,13.6646
2007190599,2007190599002,17.6404
2007190601,2007190601001,11.1229
2007190601,2007190601002,7.3586
2007190602,2007190602001,10.3641
2007190602,2007190602002,6.9935
2007190604,2007190604001,25.3449
2007190604,2007190604002,11.5675
2007190605,2007190605001,15.6889
2007190605,2007190605002,52.9674
2007190606,2007190606001,15.4733
2007190616,2007190616001,54.1421
2007190616,2007190616002,79.9342
2007191166,2007191166001,45.6319
2007190618,2007190618002,23.4192
2007191166,2007191166002,16.9733
2007190621,2007190621001,18.2097
2007190621,2007190621002,19.2966
2007190623,2007190623001,11.52355
2007190623,2007190623002,20.7875
2007190624,2007190624001,13.5803
2007190624,2007190624002,9.87
2007190626,2007190626001,7.1021
2007190626,2007190626002,9.1456
2007190627,2007190627001,7.5796
2007190628,2007190628001,17.2208
2007190628,2007190628002,15.5607
2007190629,2007190629002,15.82295
2007190633,2007190633001,8.6033
2007190633,2007190633002,15.4569
2007190634,2007190634001,22.8574
2007190635,2007190635001,12.9411
2007190635,2007190635002,9.1848
2007190637,2007190637001,37.7121
2007190637,2007190637002,14.792
2007190639,2007190639001,89.1846
2007190639,2007190639002,31.7798
2007190641,2007190641001,16.3882
2007190641,2007190641002,14.5631
2007190642,2007190642002,6.6741
2007190643,2007190643001,38.0932
2007190643,2007190643002,31.517
2007190644,2007190644002,15.8326
2007190645,2007190645001,12.5697
2007190646,2007190646001,9.7164
2007190646,2007190646002,11.1714
2007190647,2007190647001,7.254
2007191525,2007191525001,16.9223
2007190647,2007190647002,4.8633
2007191525,2007191525002,12.10855
2007190648,2007190648001,12.4354
2007190648,2007190648002,9.5759
2007190651,2007190651001,21.4891
2007190651,2007190651002,22.285
2007190652,2007190652001,33.2743
2007190652,2007190652002,36.1088
2007190653,2007190653001,46.169
2007190653,2007190653002,12.7672
2007190654,2007190654001,7.3855
2007190654,2007190654002,5.7317
2007190655,2007190655001,18.30105
2007190655,2007190655002,14.0134
2007190658,2007190658001,19.5393
2007190658,2007190658002,16.56
2007190659,2007190659001,56.4424
2007190739,2007190739001,40.9695
2007190659,2007190659002,49.00785
2007190739,2007190739002,42.5983
2007190661,2007190661001,10.6831
2007191334,2007191334001,14.6802
2007191334,2007191334002,14.3746
2007190663,2007190663001,17.3573
2007190663,2007190663002,23.1417
2007190664,2007190664001,40.5637
2007190664,2007190664002,22.7147
2007190665,2007190665001,25.2046
2007190666,2007190666001,10.4224
2007190666,2007190666002,5.7166
2007190667,2007190667001,6.64145
2007190667,2007190667002,16.0322
2007190670,2007190670001,6.6305
2007190671,2007190671001,23.5336
2007190671,2007190671002,19.8534
2007190672,2007190672001,31.13405
2007190673,2007190673001,11.6068
2007190674,2007190674001,13.6511
2007190674,2007190674002,8.6883
2007190677,2007190677001,13.675
2007190677,2007190677002,7.293
2007190679,2007190679001,23.4244
2007190681,2007190681002,8.89
2007190683,2007190683002,6.9928
2007190684,2007190684001,25.2065
2007190684,2007190684002,31.8186
2007190685,2007190685001,10.40865
2007190685,2007190685002,7.8181
2007190686,2007190686001,15.781
2007191430,2007191430001,14.2905
2007190686,2007190686002,22.9829
2007191430,2007191430002,40.562
2007190687,2007190687001,11.7744
2007190687,2007190687002,13.4546
2007190688,2007190688001,6.9252
2007190688,2007190688002,11.6419
2007190689,2007190689001,20.2245
2007190689,2007190689002,13.2584
2007190690,2007190690001,50.9369
2007190691,2007190691001,3.02
2007190691,2007190691002,38.571
2007190694,2007190694001,5.5472
2007190694,2007190694002,6.7375
2007190695,2007190695001,14.9672
2007190924,2007190924001,16.42675
2007190695,2007190695002,30.82515
2007190924,2007190924002,29.0698
2007190697,2007190697001,6.5658
2007190697,2007190697002,5.7
2007190698,2007190698001,20.7758
2007190813,2007190813001,18.3237
2007190698,2007190698002,21.6306
2007190813,2007190813002,25.0306
2007190699,2007190699001,17.2718
2007190699,2007190699002,20.912
2007190701,2007190701001,16.8929
2007190701,2007190701002,5.8459
2007190702,2007190702001,11.1038
2007190702,2007190702002,12.91705
2007190705,2007190705001,2.9328
2007190705,2007190705002,1.5455
2007190706,2007190706001,12.6294
2007190706,2007190706002,12.0254
2007190707,2007190707001,24.9706
2007190707,2007190707002,20.442
2007190708,2007190708001,24.7826
2007190708,2007190708002,36.655
2007190709,2007190709001,17.8037
2007190709,2007190709002,13.14805
2007190710,2007190710001,16.4019
2007190710,2007190710002,10.771
2007190711,2007190711001,50.6483
2007190711,2007190711002,24.8799
2007190712,2007190712001,12.3722
2007190712,2007190712002,6.1865
2007190713,2007190713001,34.5416
2007190713,2007190713002,32.971
2007190714,2007190714001,20.10555
2007190714,2007190714002,12.8477
2007190716,2007190716001,0.9705
2007190717,2007190717001,33.5419
2007190717,2007190717002,9.2226
2007190721,2007190721001,11.25435
2007190721,2007190721002,7.2457
2007190722,2007190722001,10.4673
2007190722,2007190722002,20.8777
2007190723,2007190723001,61.6323
2007190723,2007190723002,42.8111
2007190724,2007190724001,7.782
2007190724,2007190724002,5.0511
2007190725,2007190725001,32.0309
2007190725,2007190725002,14.17965
2007190726,2007190726001,54.8655
2007190726,2007190726002,29.3376
2007190727,2007190727001,31.0942
2007190727,2007190727002,25.4697
2007190728,2007190728001,5.7351
2007190728,2007190728002,7.3874
2007190730,2007190730001,26.7405
2007190730,2007190730002,36.9924
2007190732,2007190732001,15.69235
2007191450,2007191450001,22.9494
2007190732,2007190732002,26.4866
2007191450,2007191450002,18.8029
2007190733,2007190733001,8.4916
2007190733,2007190733002,8.5544
2007190735,2007190735001,11.5963
2007191549,2007191549001,11.9616
2007190735,2007190735002,13.7673
2007191549,2007191549002,12.2661
2007190737,2007190737001,15.5757
2007190737,2007190737002,8.6146
2007190738,2007190738001,12.5683
2007190738,2007190738002,10.185
2007190741,2007190741001,9.475
2007190741,2007190741002,5.6142
2007190743,2007190743001,13.6447
2007190906,2007190906001,14.6009
2007190743,2007190743002,8.2034
2007190906,2007190906002,8.72605
2007190744,2007190744001,48.5849
2007190744,2007190744002,53.5631
2007190746,2007190746001,2.6052
2007191241,2007191241001,3.8239
2007190746,2007190746002,4.0518
2007191241,2007191241002,4.0453
2007190748,2007190748001,40.5909
2007190748,2007190748002,22.6758
2007190750,2007190750001,33.4239
2007190750,2007190750002,31.3971
2007190751,2007190751001,22.4537
2007190751,2007190751002,11.1232
2007190753,2007190753001,13.6184
2007191299,2007191299001,15.5175
2007190753,2007190753002,6.5833
2007191299,2007191299002,7.1988
2007190754,2007190754001,7.5723
2007190754,2007190754002,5.3945
2007190755,2007190755001,17.23375
2007190755,2007190755002,16.779
2007190756,2007190756001,36.1415
2007190756,2007190756002,37.6529
2007190757,2007190757001,3.2759
2007190757,2007190757002,3.95445
2007190759,2007190759001,21.4332
2007190759,2007190759002,11.6123
2007190761,2007190761001,31.6012
2007190761,2007190761002,25.8715
2007190762,2007190762001,36.0459
2007190762,2007190762002,56.027
2007190763,2007190763001,28.56925
2007190763,2007190763002,30.0525
2007190764,2007190764001,24.773
2007190764,2007190764002,54.1117
2007190766,2007190766001,21.6432
2007190766,2007190766002,48.86425
2007190767,2007190767001,34.7483
2007190767,2007190767002,10.2567
2007190769,2007190769001,26.2293
2007190769,2007190769002,19.5425
2007190770,2007190770001,8.6541
2007190770,2007190770002,5.9964
2007190771,2007190771001,23.8534
2007190771,2007190771002,29.5612
2007190772,2007190772001,12.31135
2007190772,2007190772002,14.5397
2007190775,2007190775001,60.4522
2007190775,2007190775002,71.2355
2007190776,2007190776001,31.2579
2007190776,2007190776002,24.3087
2007190778,2007190778001,37.6637
2007190778,2007190778002,19.5239
2007190779,2007190779001,45.8443
2007190779,2007190779002,21.3752
2007190781,2007190781001,107.1663
2007190781,2007190781002,31.9211
2007190782,2007190782001,13.3343
2007190782,2007190782002,18.9263
2007190783,2007190783001,17.038
2007190783,2007190783002,18.5482
2007190785,2007190785001,4.7296
2007190785,2007190785002,2.5521
2007190787,2007190787001,18.6771
2007190787,2007190787002,13.70155
2007190789,2007190789001,9.5659
2007190789,2007190789002,18.9549
2007190790,2007190790001,24.742
2007190790,2007190790002,18.1672
2007190791,2007190791001,6.7567
2007190791,2007190791002,25.4171
2007190792,2007190792001,13.62805
2007190792,2007190792002,22.0763
2007190793,2007190793001,13.7017
2007190793,2007190793002,18.0838
2007190794,2007190794001,12.0446
2007190794,2007190794002,9.53695
2007190795,2007190795001,7.9287
2007190795,2007190795002,7.4483
2007190796,2007190796001,35.2196
2007190796,2007190796002,10.6309
2007190798,2007190798001,5.7942
2007191229,2007191229001,3.4317
2007191229,2007191229002,6.1246
2007190799,2007190799001,9.2975
2007190799,2007190799002,6.8878
2007190802,2007190802001,17.4045
2007190802,2007190802002,11.9609
2007190803,2007190803001,3.5597
2007190803,2007190803002,1.9822
2007190805,2007190805001,33.4821
2007190805,2007190805002,44.4106
2007190806,2007190806001,31.7942
2007190806,2007190806002,20.7814
2007190807,2007190807001,21.7605
2007190807,2007190807002,6.7278
2007190809,2007190809001,54.8877
2007190809,2007190809002,60.6168
2007190810,2007190810001,38.3698
2007190810,2007190810002,47.7426
2007190811,2007190811001,8.9939
2007190811,2007190811002,7.81895
2007190812,2007190812001,83.2812
2007190812,2007190812002,69.2125
2007190814,2007190814002,6.35975
2007190816,2007190816001,9.1668
2007190816,2007190816002,7.8259
2007190817,2007190817001,12.1547
2007190817,2007190817002,8.2088
2007190818,2007190818001,18.0706
2007191157,2007191157001,23.5625
2007190818,2007190818002,18.8637
2007191157,2007191157002,19.9314
2007190819,2007190819001,44.9127
2007190819,2007190819002,49.8193
2007190821,2007190821001,14.68415
2007190821,2007190821002,4.2877
2007190822,2007190822001,34.4944
2007190822,2007190822002,28.6459
2007190823,2007190823001,139.5425
2007190823,2007190823002,15.80965
2007190825,2007190825001,5.5449
2007191214,2007191214001,12.3976
2007190825,2007190825002,7.6273
2007191214,2007191214002,10.0628
2007190826,2007190826001,20.216
2007190826,2007190826002,38.4954
2007190827,2007190827001,24.0663
2007191440,2007191440001,42.3861
2007190827,2007190827002,21.0659
2007191440,2007191440002,42.8904
2007190829,2007190829001,12.5737
2007190829,2007190829002,10.7216
2007190830,2007190830001,9.9375
2007190830,2007190830002,7.4769
2007190831,2007190831001,14.0866
2007190831,2007190831002,13.4785
2007190832,2007190832001,19.2165
2007190833,2007190833001,5.4734
2007190833,2007190833002,8.3066
2007190834,2007190834001,48.5014
2007190889,2007190889001,21.6848
2007190834,2007190834002,18.3641
2007190835,2007190835001,57.6197
2007190835,2007190835002,52.2007
2007190836,2007190836001,14.7973
2007190836,2007190836002,13.008
2007190838,2007190838001,22.0634
2007190838,2007190838002,11.05785
2007190839,2007190839002,42.6958
2007190841,2007190841001,7.6913
2007190841,2007190841002,1.6286
2007190842,2007190842001,12.0614
2007190842,2007190842002,8.6192
2007190843,2007190843001,24.5169
2007190843,2007190843002,16.7975
2007190844,2007190844001,48.4552
2007190844,2007190844002,21.0676
2007190846,2007190846001,9.1946
2007190846,2007190846002,7.1252
2007190847,2007190847001,39.6115
2007190847,2007190847002,19.3672
2007190848,2007190848001,4.5423
2007190848,2007190848002,5.485
2007190849,2007190849001,97.2089
2007191277,2007191277001,24.3795
2007190849,2007190849002,31.1467
2007191277,2007191277002,13.0648
2007190850,2007190850001,9.2906
2007190850,2007190850002,7.93845
2007190851,2007190851001,6.7195
2007190851,2007190851002,7.7729
2007190852,2007190852001,11.4859
2007190852,2007190852002,9.8489
2007190853,2007190853001,12.5665
2007190939,2007190939001,11.4281
2007190939,2007190939002,8.1516
2007190854,2007190854001,9.4116
2007190854,2007190854002,10.31415
2007190855,2007190855001,43.7092
2007190855,2007190855002,19.4386
2007190857,2007190857001,19.72965
2007190857,2007190857002,10.3281
2007190858,2007190858001,14.65
2007190858,2007190858002,9.681
2007190859,2007190859001,3.2975
2007190859,2007190859002,2.8058
2007190861,2007190861001,11.2789
2007190861,2007190861002,13.143
2007190862,2007190862001,6.8605
2007190862,2007190862002,3.83025
2007190864,2007190864001,19.3263
2007190864,2007190864002,22.4589
2007191183,2007191183001,6.6693
2007191183,2007191183002,6.6008
2007190866,2007190866001,27.2975
2007190866,2007190866002,39.1692
2007190867,2007190867001,11.55535
2007190867,2007190867002,12.3164
2007190868,2007190868001,6.4818
2007190868,2007190868002,2.7277
2007190870,2007190870001,23.2149
2007190870,2007190870002,27.3675
2007190871,2007190871001,13.9359
2007190871,2007190871002,38.5547
2007190874,2007190874001,12.384
2007191297,2007191297001,25.0869
2007190874,2007190874002,19.8766
2007191297,2007191297002,27.1112
2007190877,2007190877001,84.8201
2007190877,2007190877002,21.6883
2007190878,2007190878001,233.8186
2007190878,2007190878002,51.0776
2007190879,2007190879001,15.27675
2007190879,2007190879002,8.8907
2007190881,2007190881001,8.17485
2007190881,2007190881002,0.8974
2007190882,2007190882001,12.2623
2007190882,2007190882002,8.4087
2007190883,2007190883001,26.0403
2007190883,2007190883002,5.46765
2007190884,2007190884001,12.1781
2007190884,2007190884002,7.6144
2007190885,2007190885001,185.7068
2007190885,2007190885002,19.5995
2007190886,2007190886001,51.2541
2007190886,2007190886002,42.6464
2007190887,2007190887001,12.70105
2007190887,2007190887002,12.7855
2007190888,2007190888001,35.1749
2007190888,2007190888002,26.5524
2007190890,2007190890002,2.9535
2007190891,2007190891001,27.6541
2007190891,2007190891002,13.259
2007190894,2007190894001,19.1344
2007190894,2007190894002,48.8598
2007190895,2007190895001,12.6006
2007190947,2007190947001,15.805
2007190895,2007190895002,7.5281
2007190947,2007190947002,8.3469
2007190896,2007190896001,22.2004
2007191441,2007191441001,30.91275
2007190896,2007190896002,20.5459
2007191441,2007191441002,14.3345
2007190897,2007190897001,17.5109
2007190897,2007190897002,11.52775
2007190898,2007190898001,37.7842
2007190898,2007190898002,34.025
2007190901,2007190901001,6.0764
2007190901,2007190901002,18.6054
2007190902,2007190902001,22.2549
2007190902,2007190902002,24.3586
2007190903,2007190903001,15.1741
2007190903,2007190903002,20.9858
2007190904,2007190904001,22.10965
2007190904,2007190904002,91.8277
2007190905,2007190905001,22.2542
2007190905,2007190905002,17.3749
2007190907,2007190907001,32.3783
2007190907,2007190907002,32.2403
2007190910,2007190910001,16.4035
2007190910,2007190910002,20.2219
2007190912,2007190912001,26.5467
2007190912,2007190912002,13.712
2007190914,2007190914001,43.0227
2007190914,2007190914002,45.8815
2007190915,2007190915001,19.3254
2007190915,2007190915002,8.0087
2007190916,2007190916001,14.9129
2007190916,2007190916002,8.9552
2007190917,2007190917001,26.0023
2007190917,2007190917002,16.66395
2007190918,2007190918001,46.6925
2007190918,2007190918002,29.058
2007190919,2007190919001,14.24
2007190921,2007190921001,15.7855
2007190921,2007190921002,9.5524
2007190922,2007190922001,56.2892
2007191082,2007191082001,42.6987
2007190922,2007190922002,126.2854
2007191082,2007191082002,101.3772
2007190923,2007190923001,16.2468
2007190923,2007190923002,19.9991
2007190925,2007190925001,39.9964
2007190925,2007190925002,7.3052
2007190926,2007190926001,40.1202
2007190926,2007190926002,17.1841
2007190927,2007190927001,98.9496
2007191444,2007191444001,103.5971
2007190927,2007190927002,77.9223
2007191444,2007191444002,69.06945
2007190928,2007190928001,31.603
2007190928,2007190928002,46.6384
2007190929,2007190929001,65.3358
2007190930,2007190930001,7.5725
2007190930,2007190930002,8.411
2007190931,2007190931001,28.127
2007190931,2007190931002,22.8916
2007190932,2007190932001,65.8895
2007190932,2007190932002,29.9348
2007190933,2007190933001,15.1346
2007190933,2007190933002,2.6812
2007190936,2007190936001,22.60985
2007190936,2007190936002,20.9376
2007190941,2007190941001,13.5259
2007190941,2007190941002,4.78165
2007190942,2007190942001,4.4579
2007190942,2007190942002,5.3438
2007190943,2007190943001,8.0827
2007190943,2007190943002,5.5249
2007190945,2007190945001,67.7267
2007190945,2007190945002,72.2626
2007190946,2007190946001,5.0154
2007190946,2007190946002,14.5508
2007190948,2007190948001,5.923
2007190948,2007190948002,3.2106
2007190949,2007190949001,19.3253
2007191504,2007191504001,14.404
2007190949,2007190949002,14.53415
2007191504,2007191504002,21.6849
2007190950,2007190950001,36.6606
2007190951,2007190951001,19.875
2007190951,2007190951002,35.9832
2007190952,2007190952001,37.3119
2007190952,2007190952002,17.7455
2007190953,2007190953001,9.8419
2007190953,2007190953002,12.8605
2007190954,2007190954001,11.9271
2007190954,2007190954002,4.40045
2007190955,2007190955001,8.3609
2007190955,2007190955002,21.0862
2007190958,2007190958001,17.4228
2007190958,2007190958002,4.9145
2007190959,2007190959001,21.77365
2007190959,2007190959002,11.3279
2007190963,2007190963001,3.9532
2007190963,2007190963002,5.3375
2007190964,2007190964001,32.2931
2007190964,2007190964002,31.8732
2007190966,2007190966001,12.9401
2007190966,2007190966002,5.835
2007190967,2007190967001,14.1836
2007190967,2007190967002,6.6962
2007190968,2007190968001,13.4497
2007191437,2007191437001,9.9093
2007190968,2007190968002,4.6207
2007191437,2007191437002,4.7631
2007190969,2007190969001,28.8921
2007190969,2007190969002,27.6977
2007190970,2007190970001,58.4736
2007191245,2007191245001,108.5158
2007190970,2007190970002,39.6143
2007191245,2007191245002,30.4937
2007190971,2007190971001,15.02
2007190971,2007190971002,12.67
2007190972,2007190972001,12.1928
2007190972,2007190972002,15.5347
2007190973,2007190973001,56.8449
2007190973,2007190973002,36.5566
2007190975,2007190975001,37.2739
2007190975,2007190975002,42.3983
2007190976,2007190976001,60.88775
2007190976,2007190976002,47.2424
2007190979,2007190979001,10.0354
2007190979,2007190979002,6.5603
2007190982,2007190982001,9.7031
2007190982,2007190982002,5.2233
2007190985,2007190985001,21.7562
2007190985,2007190985002,15.7407
2007191592,2007191592001,9.5797
2007190986,2007190986002,3.5514
2007191592,2007191592002,11.2908
2007190990,2007190990001,27.2856
2007191537,2007191537001,25.9066
2007190990,2007190990002,7.125
2007191537,2007191537002,9.9135
2007190991,2007190991001,8.8953
2007190991,2007190991002,7.3957
2007190992,2007190992001,20.31755
2007190992,2007190992002,14.995
2007190993,2007190993001,58.5553
2007190993,2007190993002,44.6035
2007190994,2007190994001,20.0192
2007190994,2007190994002,15.4434
2007190995,2007190995001,41.6305
2007190995,2007190995002,14.4423
2007190996,2007190996001,14.5395
2007190996,2007190996002,4.44
2007190997,2007190997001,27.5641
2007190997,2007190997002,35.5627
2007190998,2007190998001,4.7092
2007190998,2007190998002,3.3109
2007190999,2007190999001,26.0193
2007190999,2007190999002,13.3797
2007191001,2007191001001,57.1471
2007191001,2007191001002,47.1147
2007191002,2007191002001,11.2643
2007191002,2007191002002,3.2205
2007191003,2007191003001,16.9341
2007191003,2007191003002,12.2673
2007191005,2007191005001,10.5931
2007191005,2007191005002,6.64475
2007191006,2007191006001,9.398
2007191006,2007191006002,2.8079
2007191007,2007191007001,16.6276
2007191551,2007191551001,18.4408
2007191007,2007191007002,11.79
2007191551,2007191551002,18.79005
2007191008,2007191008001,19.31395
2007191008,2007191008002,9.1222
2007191011,2007191011001,11.6338
2007191011,2007191011002,9.941
2007191012,2007191012001,168.2288
2007191012,2007191012002,42.3236
2007191013,2007191013001,14.8144
2007191013,2007191013002,11.8371
2007191014,2007191014001,35.6847
2007191014,2007191014002,11.0732
2007191015,2007191015001,40.5551
2007191015,2007191015002,56.0367
2007191016,2007191016001,13.5345
2007191016,2007191016002,9.5904
2007191018,2007191018001,29.6674
2007191018,2007191018002,23.0099
2007191019,2007191019001,6.3127
2007191019,2007191019002,7.4926
2007191021,2007191021001,17.1761
2007191531,2007191531001,25.6998
2007191531,2007191531002,14.41805
2007191331,2007191331001,10.8105
2007191331,2007191331002,9.9227
2007191379,2007191379001,23.4769
2007191379,2007191379002,18.03845
2007191068,2007191068002,8.4892
2007191069,2007191069001,21.2314
2007191069,2007191069002,7.2131
2007191070,2007191070001,38.2323
2007191070,2007191070002,88.03785
2007191071,2007191071001,6.7139
2007191071,2007191071002,4.1159
2007191073,2007191073001,8.1108
2007191073,2007191073002,4.7837
2007191074,2007191074001,25.0322
2007191074,2007191074002,11.5342
2007191076,2007191076001,52.0314
2007191076,2007191076002,56.4502
2007191077,2007191077001,10.3083
2007191077,2007191077002,15.0677
2007191078,2007191078001,6.5098
2007191078,2007191078002,6.2124
2007191079,2007191079001,30.5471
2007191079,2007191079002,39.2335
2007191084,2007191084001,19.5639
2007191084,2007191084002,2.306
2007191085,2007191085001,9.7829
2007191085,2007191085002,13.263
2007191087,2007191087001,19.9455
2007191087,2007191087002,37.3373
2007191088,2007191088001,62.9144
2007191088,2007191088002,38.5425
2007191089,2007191089001,2.8004
2007191089,2007191089002,1.2896
2007191090,2007191090001,8.299
2007191090,2007191090002,12.09725
2007191091,2007191091001,23.1892
2007191091,2007191091002,28.8344
2007191092,2007191092001,51.7211
2007191211,2007191211001,60.9727
2007191092,2007191092002,47.5303
2007191211,2007191211002,29.0318
2007191093,2007191093001,16.2071
2007191093,2007191093002,7.553
2007191096,2007191096001,27.23475
2007191096,2007191096002,8.1534
2007191097,2007191097001,5.0237
2007191097,2007191097002,7.2818
2007191098,2007191098001,39.4011
2007191098,2007191098002,21.0514
2007191099,2007191099001,7.37
2007191099,2007191099002,12.2873
2007191101,2007191101001,11.605
2007191101,2007191101002,7.3105
2007191102,2007191102001,11.64205
2007191102,2007191102002,6.2969
2007191103,2007191103001,28.5154
2007191103,2007191103002,25.0841
2007191107,2007191107001,16.588
2007191107,2007191107002,15.1061
2007191109,2007191109001,9.5408
2007191109,2007191109002,16.5444
2007191110,2007191110001,14.5211
2007191110,2007191110002,26.4527
2007191111,2007191111001,16.1022
2007191111,2007191111002,12.372
2007191112,2007191112001,11.8509
2007191112,2007191112002,5.089
2007191113,2007191113001,24.65895
2007191113,2007191113002,28.372
2007191114,2007191114001,34.6928
2007191114,2007191114002,25.4215
2007191115,2007191115001,6.46435
2007191115,2007191115002,9.5868
2007191116,2007191116001,29.1513
2007191116,2007191116002,19.5859
2007191117,2007191117001,32.1913
2007191117,2007191117002,25.39365
2007191118,2007191118001,9.1384
2007191118,2007191118002,199.8328
2007191122,2007191122001,45.1964
2007191122,2007191122002,28.3522
2007191123,2007191123001,16.0111
2007191123,2007191123002,7.0462
2007191125,2007191125001,19.1384
2007191125,2007191125002,17.8913
2007191126,2007191126001,8.9686
2007191126,2007191126002,5.5704
2007191128,2007191128001,86.6186
2007191128,2007191128002,26.586
2007191129,2007191129001,8.6322
2007191129,2007191129002,7.4358
2007191130,2007191130001,13.116
2007191130,2007191130002,13.1221
2007191132,2007191132001,8.3311
2007191132,2007191132002,6.6502
2007191134,2007191134001,14.0104
2007191282,2007191282001,7.56555
2007191134,2007191134002,5.8472
2007191282,2007191282002,6.3402
2007191135,2007191135001,29.2193
2007191135,2007191135002,21.5485
2007191136,2007191136001,11.8056
2007191136,2007191136002,10.91375
2007191138,2007191138001,16.9071
2007191138,2007191138002,23.9419
2007191139,2007191139001,17.0272
2007191139,2007191139002,17.1357
2007191141,2007191141001,6.23375
2007191141,2007191141002,6.8084
2007191142,2007191142001,22.1449
2007191142,2007191142002,12.5585
2007191143,2007191143001,52.8754
2007191143,2007191143002,70.9357
2007191144,2007191144001,17.5636
2007191144,2007191144002,25.3907
2007191145,2007191145001,27.9915
2007191145,2007191145002,83.9254
2007191147,2007191147001,23.9999
2007191147,2007191147002,27.9439
2007191149,2007191149001,7.4382
2007191149,2007191149002,5.6196
2007191152,2007191152001,6.42505
2007191578,2007191578001,18.4908
2007191152,2007191152002,9.1673
2007191578,2007191578002,22.7907
2007191154,2007191154001,30.6978
2007191154,2007191154002,22.1044
2007191155,2007191155001,7.2693
2007191155,2007191155002,13.1182
2007191156,2007191156001,24.5985
2007191156,2007191156002,15.4873
2007191158,2007191158001,26.6149
2007191158,2007191158002,10.106
2007191159,2007191159001,8.5755
2007191159,2007191159002,15.2422
2007191161,2007191161001,7.0704
2007191161,2007191161002,1.4849
2007191165,2007191165001,5.2975
2007191165,2007191165002,3.3648
2007191167,2007191167001,44.734
2007191167,2007191167002,30.5938
2007191168,2007191168001,19.285
2007191195,2007191195001,17.6494
2007191168,2007191168002,13.5924
2007191195,2007191195002,22.2852
2007191169,2007191169001,19.8162
2007191169,2007191169002,13.9957
2007191172,2007191172001,13.1127
2007191172,2007191172002,3.7551
2007191173,2007191173001,24.9933
2007191173,2007191173002,21.3558
2007191174,2007191174001,10.018
2007191175,2007191175001,23.7364
2007191175,2007191175002,20.2287
2007191178,2007191178001,11.5894
2007191178,2007191178002,10.1349
2007191179,2007191179001,34.7708
2007191179,2007191179002,46.9665
2007191181,2007191181001,38.287
2007191181,2007191181002,16.2447
2007191184,2007191184001,32.0685
2007191184,2007191184002,55.8562
2007191186,2007191186001,27.3373
2007191186,2007191186002,10.752
2007191187,2007191187001,29.2259
2007191187,2007191187002,26.3841
2007191188,2007191188001,11.64515
2007191188,2007191188002,16.576
2007191190,2007191190001,13.3878
2007191190,2007191190002,9.6425
2007191192,2007191192001,6.6559
2007191339,2007191339001,4.82865
2007191192,2007191192002,9.4812
2007191339,2007191339002,16.3402
2007191193,2007191193001,20.5295
2007191193,2007191193002,17.3523
2007191194,2007191194001,22.0765
2007191194,2007191194002,20.51085
2007191197,2007191197001,17.67
2007191197,2007191197002,11.8414
2007191199,2007191199001,23.6744
2007191199,2007191199002,28.8032
2007191201,2007191201001,17.4376
2007191201,2007191201002,41.8036
2007191202,2007191202001,19.9771
2007191202,2007191202002,17.8069
2007191203,2007191203001,26.0549
2007191203,2007191203002,23.7184
2007191204,2007191204001,15.8911
2007191204,2007191204002,14.7076
2007191206,2007191206001,81.735
2007191207,2007191207001,32.9112
2007191207,2007191207002,23.2664
2007191208,2007191208001,12.6901
2007191208,2007191208002,16.1666
2007191209,2007191209001,26.58
2007191209,2007191209002,21.5203
2007191210,2007191210001,54.64875
2007191210,2007191210002,60.8492
2007191212,2007191212001,20.9611
2007191212,2007191212002,28.6829
2007191215,2007191215001,38.0711
2007191281,2007191281001,20.9328
2007191215,2007191215002,20.6005
2007191281,2007191281002,20.3716
2007191216,2007191216001,28.2791
2007191385,2007191385001,39.5446
2007191216,2007191216002,31.1639
2007191385,2007191385002,37.598
2007191218,2007191218002,14.2044
2007191219,2007191219001,7.1637
2007191219,2007191219002,5.04215
2007191221,2007191221001,215.9967
2007191221,2007191221002,30.7525
2007191222,2007191222001,13.6304
2007191222,2007191222002,12.9834
2007191223,2007191223001,76.2538
2007191223,2007191223002,26.5403
2007191224,2007191224001,4.7935
2007191224,2007191224002,5.4761
2007191225,2007191225001,15.2979
2007191225,2007191225002,12.1049
2007191226,2007191226001,34.17655
2007191226,2007191226002,22.6141
2007191227,2007191227001,8.1181
2007191227,2007191227002,2.3275
2007191228,2007191228001,8.7855
2007191230,2007191230001,25.2689
2007191230,2007191230002,20.2585
2007191231,2007191231001,10.1497
2007191231,2007191231002,7.9047
2007191232,2007191232001,42.4885
2007191232,2007191232002,45.5433
2007191233,2007191233001,24.38765
2007191233,2007191233002,12.9148
2007191234,2007191234001,12.4101
2007191234,2007191234002,10.7503
2007191237,2007191237001,14.283
2007191237,2007191237002,17.3415
2007191238,2007191238001,7.7299
2007191238,2007191238002,5.258
2007191239,2007191239001,8.0852
2007191239,2007191239002,5.0449
2007191243,2007191243001,7.4471
2007191244,2007191244001,4.2246
2007191244,2007191244002,2.3852
2007191246,2007191246001,9.8768
2007191246,2007191246002,6.9493
2007191247,2007191247001,9.2702
2007191247,2007191247002,4.1126
2007191248,2007191248001,7.9336
2007191248,2007191248002,6.8766
2007191249,2007191249001,7.909
2007191249,2007191249002,3.5597
2007191250,2007191250001,20.7485
2007191250,2007191250002,11.9547
2007191251,2007191251001,19.0362
2007191251,2007191251002,20.04705
2007191252,2007191252001,6.9831
2007191252,2007191252002,12.394
2007191255,2007191255001,9.3259
2007191255,2007191255002,6.8956
2007191256,2007191256001,108.312
2007191256,2007191256002,55.2118
2007191258,2007191258001,9.862
2007191261,2007191261001,11.5257
2007191261,2007191261002,17.6732
2007191262,2007191262001,51.16975
2007191262,2007191262002,40.7253
2007191263,2007191263001,35.9193
2007191263,2007191263002,54.4985
2007191264,2007191264001,5.8079
2007191486,2007191486001,9.0766
2007191264,2007191264002,11.8327
2007191486,2007191486002,9.3735
2007191266,2007191266001,28.9574
2007191266,2007191266002,19.2227
2007191267,2007191267001,72.7331
2007191267,2007191267002,30.09775
2007191269,2007191269001,66.9361
2007191269,2007191269002,29.806
2007191270,2007191270001,36.5279
2007191270,2007191270002,30.02
2007191272,2007191272001,5.3126
2007191272,2007191272002,6.1688
2007191273,2007191273001,37.7381
2007191273,2007191273002,34.6538
2007191274,2007191274001,24.2152
2007191274,2007191274002,12.828
2007191275,2007191275001,33.609
2007191590,2007191590001,31.8173
2007191275,2007191275002,29.6928
2007191590,2007191590002,43.7365
2007191276,2007191276001,16.6318
2007191276,2007191276002,11.87765
2007191278,2007191278001,14.798
2007191278,2007191278002,9.5292
2007191279,2007191279001,66.8414
2007191279,2007191279002,47.6794
2007191283,2007191283001,78.0238
2007191283,2007191283002,33.9286
2007191284,2007191284001,22.8655
2007191284,2007191284002,15.3477
2007191285,2007191285001,8.5153
2007191285,2007191285002,8.8064
2007191286,2007191286001,20.8356
2007191286,2007191286002,34.3216
2007191287,2007191287001,10.18775
2007191287,2007191287002,7.2189
2007191289,2007191289001,4.5659
2007191289,2007191289002,16.3849
2007191291,2007191291001,19.5266
2007191291,2007191291002,3.6142
2007191292,2007191292001,23.9565
2007191292,2007191292002,30.3965
2007191293,2007191293001,12.4899
2007191518,2007191518001,11.1521
2007191293,2007191293002,21.94465
2007191518,2007191518002,14.4079
2007191294,2007191294001,28.7661
2007191294,2007191294002,16.0597
2007191295,2007191295001,5.71
2007191296,2007191296001,31.2413
2007191296,2007191296002,88.2038
2007191298,2007191298001,17.8877
2007191298,2007191298002,11.4622
2007191301,2007191301001,29.816
2007191301,2007191301002,34.075
2007191302,2007191302001,53.6037
2007191302,2007191302002,46.1843
2007191303,2007191303001,32.1958
2007191303,2007191303002,19.2326
2007191304,2007191304001,8.8022
2007191304,2007191304002,28.1972
2007191305,2007191305001,38.7434
2007191305,2007191305002,79.1066
2007191306,2007191306001,14.8174
2007191306,2007191306002,9.7714
2007191307,2007191307001,113.2947
2007191307,2007191307002,100.7505
2007191308,2007191308001,45.4865
2007191308,2007191308002,14.08
2007191309,2007191309001,56.6219
2007191309,2007191309002,51.5053
2007191310,2007191310001,36.0629
2007191310,2007191310002,54.2335
2007191311,2007191311001,10.4663
2007191311,2007191311002,8.9313
2007191313,2007191313001,35.323
2007191313,2007191313002,17.3624
2007191314,2007191314001,15.9021
2007191314,2007191314002,10.3626
2007191316,2007191316001,14.1063
2007191316,2007191316002,12.8898
2007191317,2007191317001,2.2216
2007191317,2007191317002,1.0096
2007191319,2007191319001,4.2619
2007191319,2007191319002,2.8284
2007191321,2007191321001,21.2616
2007191321,2007191321002,18.51895
2007191322,2007191322001,7.6402
2007191322,2007191322002,7.2721
2007191323,2007191323001,10.1102
2007191323,2007191323002,7.503
2007191324,2007191324001,19.316
2007191324,2007191324002,16.502
2007191325,2007191325001,43.2841
2007191325,2007191325002,13.2313
2007191328,2007191328001,30.1029
2007191328,2007191328002,24.2023
2007191329,2007191329001,15.3511
2007191329,2007191329002,5.441
2007191330,2007191330001,36.1328
2007191330,2007191330002,53.84075
2007191333,2007191333001,27.7069
2007191333,2007191333002,23.92675
2007191335,2007191335001,37.636
2007191335,2007191335002,11.8012
2007191336,2007191336001,22.0973
2007191337,2007191337001,8.8052
2007191337,2007191337002,12.8377
2007191338,2007191338001,21.4424
2007191338,2007191338002,9.3555
2007191341,2007191341001,18.7061
2007191341,2007191341002,23.4642
2007191344,2007191344001,19.6131
2007191344,2007191344002,6.0434
2007191345,2007191345001,20.16505
2007191345,2007191345002,10.24385
2007191346,2007191346001,9.7597
2007191429,2007191429001,13.6899
2007191346,2007191346002,6.772
2007191429,2007191429002,6.9104
2007191347,2007191347001,33.613
2007191347,2007191347002,23.0509
2007191350,2007191350001,13.4238
2007191350,2007191350002,9.969
2007191351,2007191351001,32.0304
2007191351,2007191351002,26.13155
2007191352,2007191352001,26.3244
2007191352,2007191352002,9.0584
2007191353,2007191353001,33.1338
2007191353,2007191353002,10.11
2007191354,2007191354001,8.4445
2007191354,2007191354002,17.7275
2007191355,2007191355001,50.0518
2007191355,2007191355002,21.356
2007191356,2007191356001,5.4026
2007191356,2007191356002,5.38
2007191357,2007191357001,25.7875
2007191357,2007191357002,32.9159
2007191358,2007191358001,35.25845
2007191358,2007191358002,12.6365
2007191359,2007191359001,6.2126
2007191359,2007191359002,8.043
2007191361,2007191361001,5.8439
2007191361,2007191361002,9.4301
2007191362,2007191362001,13.0757
2007191362,2007191362002,9.6368
2007191363,2007191363001,26.9902
2007191363,2007191363002,32.7229
2007191364,2007191364001,8.616
2007191364,2007191364002,5.31875
2007191366,2007191366001,16.815
2007191366,2007191366002,4.1477
2007191367,2007191367001,25.6874
2007191367,2007191367002,19.8295
2007191368,2007191368001,18.1108
2007191368,2007191368002,13.5906
2007191369,2007191369001,14.9803
2007191369,2007191369002,12.5773
2007191370,2007191370001,24.38715
2007191370,2007191370002,31.3815
2007191371,2007191371001,24.0226
2007191371,2007191371002,28.1845
2007191372,2007191372001,33.9822
2007191445,2007191445001,42.3818
2007191372,2007191372002,20.80095
2007191445,2007191445002,33.5066
2007191373,2007191373001,29.7696
2007191373,2007191373002,20.6243
2007191374,2007191374001,21.0409
2007191374,2007191374002,20.2791
2007191375,2007191375001,14.65425
2007191375,2007191375002,4.6633
2007191376,2007191376001,21.2007
2007191376,2007191376002,47.5907
2007191377,2007191377001,13.8545
2007191377,2007191377002,8.3272
2007191378,2007191378001,24.4799
2007191378,2007191378002,29.3698
2007191381,2007191381001,35.5475
2007191381,2007191381002,32.6092
2007191382,2007191382001,23.8357
2007191509,2007191509001,29.12705
2007191382,2007191382002,8.6683
2007191509,2007191509002,23.9341
2007191383,2007191383001,52.26315
2007191384,2007191384001,18.4975
2007191384,2007191384002,10.0328
2007191387,2007191387001,15.2771
2007191387,2007191387002,6.3987
2007191390,2007191390001,11.77
2007191390,2007191390002,17.1259
2007191391,2007191391001,9.4613
2007191392,2007191392001,10.7209
2007191392,2007191392002,9.8573
2007191393,2007191393001,9.7617
2007191393,2007191393002,3.6015
2007191394,2007191394001,15.5742
2007191394,2007191394002,14.2661
2007191397,2007191397001,33.6401
2007191397,2007191397002,30.1967
2007191398,2007191398001,13.6164
2007191398,2007191398002,14.1792
2007191399,2007191399001,37.59
2007191399,2007191399002,35.0996
2007191401,2007191401001,11.0167
2007191401,2007191401002,18.2562
2007191402,2007191402001,11.78315
2007191402,2007191402002,8.3699
2007191403,2007191403001,36.2032
2007191403,2007191403002,41.0089
2007191404,2007191404001,10.7726
2007191404,2007191404002,8.5225
2007191405,2007191405001,25.6344
2007191405,2007191405002,13.3798
2007191406,2007191406001,9.5053
2007191406,2007191406002,7.08775
2007191407,2007191407001,38.2298
2007191407,2007191407002,23.4728
2007191408,2007191408001,37.1954
2007191408,2007191408002,28.3576
2007191409,2007191409001,30.037
2007191409,2007191409002,21.119
2007191410,2007191410001,15.8838
2007191410,2007191410002,14.1832
2007191411,2007191411001,39.4363
2007191411,2007191411002,33.5976
2007191412,2007191412001,19.2863
2007191412,2007191412002,18.7641
2007191414,2007191414001,7.0239
2007191414,2007191414002,8.1644
2007191415,2007191415001,13.5945
2007191415,2007191415002,7.86325
2007191418,2007191418001,61.1502
2007191418,2007191418002,51.1882
2007191419,2007191419001,13.24965
2007191419,2007191419002,9.0739
2007191420,2007191420001,18.5054
2007191420,2007191420002,46.6689
2007191421,2007191421001,24.43385
2007191421,2007191421002,27.3952
2007191422,2007191422002,5.5118
2007191423,2007191423001,7.9679
2007191423,2007191423002,6.6265
2007191425,2007191425001,11.1611
2007191425,2007191425002,13.54186667
2007191426,2007191426001,24.4068
2007191426,2007191426002,17.1375
2007191428,2007191428001,20.2017
2007191428,2007191428002,11.3049
2007191431,2007191431001,14.0321
2007191431,2007191431002,11.8538
2007191434,2007191434001,21.8097
2007191434,2007191434002,11.7716
2007191435,2007191435001,92.0577
2007191435,2007191435002,49.4132
2007191438,2007191438001,45.1579
2007191439,2007191439001,18.5287
2007191439,2007191439002,14.21
2007191442,2007191442001,18.2044
2007191442,2007191442002,11.4808
2007191443,2007191443001,11.9319
2007191443,2007191443002,9.32305
2007191446,2007191446001,18.1272
2007191446,2007191446002,16.5291
2007191447,2007191447001,20.5327
2007191447,2007191447002,12.1354
2007191448,2007191448001,8.6817
2007191448,2007191448002,13.6722
2007191449,2007191449001,19.5037
2007191449,2007191449002,27.9255
2007191451,2007191451001,50.1159
2007191451,2007191451002,37.3428
2007191452,2007191452001,14.0841
2007191452,2007191452002,4.2442
2007191453,2007191453001,21.86405
2007191453,2007191453002,14.468
2007191454,2007191454001,30.0487
2007191454,2007191454002,24.9118
2007191456,2007191456001,7.4309
2007191456,2007191456002,10.1332
2007191457,2007191457001,10.8963
2007191457,2007191457002,9.7389
2007191460,2007191460001,19.36795
2007191460,2007191460002,29.3075
2007191462,2007191462001,23.027
2007191462,2007191462002,24.8665
2007191463,2007191463001,10.0487
2007191463,2007191463002,8.7316
2007191466,2007191466001,8.1024
2007191466,2007191466002,10.1848
2007191467,2007191467001,33.8305
2007191467,2007191467002,23.6068
2007191468,2007191468001,22.9656
2007191468,2007191468002,27.871
2007191469,2007191469001,18.0053
2007191469,2007191469002,28.589
2007191470,2007191470001,8.8105
2007191470,2007191470002,9.6192
2007191471,2007191471001,5.5692
2007191471,2007191471002,7.7864
2007191472,2007191472001,19.3115
2007191472,2007191472002,17.7677
2007191473,2007191473001,27.2855
2007191510,2007191510001,36.2958
2007191473,2007191473002,31.035
2007191510,2007191510002,29.7514
2007191475,2007191475001,24.1773
2007191475,2007191475002,33.7281
2007191476,2007191476001,10.3537
2007191476,2007191476002,7.6903
2007191479,2007191479001,28.5863
2007191479,2007191479002,14.70095
2007191480,2007191480001,14.0665
2007191480,2007191480002,29.3097
2007191482,2007191482001,9.6206
2007191482,2007191482002,13.2899
2007191484,2007191484001,14.6135
2007191484,2007191484002,14.8473
2007191485,2007191485001,9.3272
2007191485,2007191485002,7.0841
2007191487,2007191487001,19.6127
2007191487,2007191487002,17.99805
2007191489,2007191489001,21.1548
2007191489,2007191489002,19.9129
2007191490,2007191490001,17.8726
2007191490,2007191490002,10.0878
2007191491,2007191491001,20.9244
2007191491,2007191491002,22.6903
2007191492,2007191492001,12.1094
2007191492,2007191492002,4.8723
2007191493,2007191493001,39.1664
2007191493,2007191493002,29.9502
2007191494,2007191494001,43.819
2007191494,2007191494002,42.6745
2007191495,2007191495001,19.141
2007191495,2007191495002,15.7533
2007191496,2007191496001,15.2558
2007191496,2007191496002,14.3395
2007191497,2007191497001,15.5842
2007191497,2007191497002,10.5547
2007191499,2007191499001,12.8934
2007191499,2007191499002,22.7146
2007191501,2007191501001,8.5225
2007191501,2007191501002,6.1402
2007191503,2007191503001,30.9291
2007191503,2007191503002,31.8957
2007191505,2007191505001,20.7271
2007191505,2007191505002,12.6989
2007191506,2007191506001,18.1463
2007191506,2007191506002,22.013
2007191511,2007191511001,36.0156
2007191512,2007191512001,23.1678
2007191512,2007191512002,13.5445
2007191513,2007191513001,73.91835
2007191513,2007191513002,10.6845
2007191514,2007191514001,36.0898
2007191514,2007191514002,21.4221
2007191515,2007191515001,20.7793
2007191515,2007191515002,11.7017
2007191516,2007191516001,13.8157
2007191516,2007191516002,11.0253
2007191517,2007191517001,26.4854
2007191517,2007191517002,13.1948
2007191519,2007191519001,11.7908
2007191520,2007191520001,11.1105
2007191520,2007191520002,15.0673
2007191521,2007191521001,38.11125
2007191521,2007191521002,18.4565
2007191523,2007191523001,20.9913
2007191523,2007191523002,19.31465
2007191524,2007191524001,8.5424
2007191524,2007191524002,6.5554
2007191526,2007191526001,11.2635
2007191526,2007191526002,11.8956
2007191528,2007191528001,26.8869
2007191528,2007191528002,10.7724
2007191529,2007191529001,20.15125
2007191529,2007191529002,14.0265
2007191530,2007191530001,11.5879
2007191530,2007191530002,6.4812
2007191533,2007191533001,8.5414
2007191533,2007191533002,14.978
2007191534,2007191534001,22.6189
2007191534,2007191534002,12.9741
2007191535,2007191535001,32.4483
2007191535,2007191535002,31.5081
2007191536,2007191536001,12.0345
2007191536,2007191536002,10.9131
2007191539,2007191539001,18.201
2007191539,2007191539002,12.38005
2007191540,2007191540001,41.601
2007191540,2007191540002,26.7899
2007191541,2007191541001,38.7908
2007191541,2007191541002,28.2574
2007191543,2007191543001,9.6077
2007191544,2007191544001,23.7412
2007191544,2007191544002,24.1995
2007191546,2007191546001,14.3765
2007191546,2007191546002,13.1639
2007191547,2007191547001,15.83735
2007191547,2007191547002,11.6712
2007191548,2007191548001,22.3457
2007191548,2007191548002,11.0027
2007191550,2007191550001,23.8702
2007191550,2007191550002,25.2091
2007191553,2007191553001,6.3682
2007191553,2007191553002,7.1293
2007191554,2007191554001,17.57655
2007191554,2007191554002,33.5321
2007191555,2007191555001,9.7797
2007191555,2007191555002,8.0255
2007191556,2007191556001,43.38615
2007191556,2007191556002,25.9015
2007191557,2007191557001,11.3835
2007191557,2007191557002,11.6053
2007191558,2007191558001,20.624
2007191558,2007191558002,27.8049
2007191559,2007191559001,23.2334
2007191559,2007191559002,7.7214
2007191560,2007191560001,50.6018
2007191560,2007191560002,11.5497
2007191561,2007191561001,23.03975
2007191561,2007191561002,27.6461
2007191564,2007191564001,26.7989
2007191564,2007191564002,12.7058
2007191567,2007191567001,31.4308
2007191567,2007191567002,36.6119
2007191569,2007191569001,10.1493
2007191569,2007191569002,13.78885
2007191570,2007191570001,18.7018
2007191570,2007191570002,13.1084
2007191571,2007191571001,45.0442
2007191571,2007191571002,35.1449
2007191572,2007191572001,31.69655
2007191572,2007191572002,30.9441
2007191573,2007191573001,11.2155
2007191573,2007191573002,9.8348
2007191574,2007191574001,15.488
2007191574,2007191574002,12.2386
2007191576,2007191576001,9.7639
2007191576,2007191576002,3.0401
2007191577,2007191577001,9.6468
2007191577,2007191577002,6.60925
2007191579,2007191579001,21.9032
2007191579,2007191579002,15.3797
2007191580,2007191580001,35.0821
2007191580,2007191580002,28.6792
2007191581,2007191581001,41.0688
2007191581,2007191581002,8.6585
2007191582,2007191582001,47.97465
2007191583,2007191583001,16.5484
2007191583,2007191583002,8.2944
2007191584,2007191584001,28.4688
2007191584,2007191584002,20.6312
2007191585,2007191585001,14.5818
2007191585,2007191585002,12.8186
2007191586,2007191586001,48.6231
2007191586,2007191586002,25.2803
2007191587,2007191587001,32.3941
2007191587,2007191587002,27.9221
2007191588,2007191588001,17.0549
2007191588,2007191588002,10.5602
2007191589,2007191589001,22.8591
2007191589,2007191589002,19.1566
2007191591,2007191591001,53.2419
2007191591,2007191591002,46.0126
2007191595,2007191595001,46.24375
2007191595,2007191595002,26.3883
2007191596,2007191596001,10.9716
2007191596,2007191596002,11.5129
2007191600,2007191600001,15.2172
2007191600,2007191600002,10.515